GameID,Age,HoursPerWeek,TotalHours,APM,SelectByHotkeys,AssignToHotkeys,UniqueHotkeys,MinimapAttacks,MinimapRightClicks,NumberOfPACs,GapBetweenPACs,ActionLatency,ActionsInPAC,TotalMapExplored,WorkersMade,UniqueUnitsMade,ComplexUnitsMade,ComplexAbilitiesUsed
10095,NULL,NULL,NULL,348.3576,0.0298549211,0.0008111737,4,0.0002237721,0.0013146608,0.0055663298,20.0537,33.5142,6.3719,27,0.0015664,7,0.0004568679,0.00089509
97,18,12,350,67.4754,0.0004225216,0.0001690086,1,2.41440919407021E-05,0.0001448646,0.002885219,42.437,68.0502,4.3222,16,0.00074847,7,0,0.00043459
508,25,4,800,87.2346,0.0046848382,0.0004258944,1,2.6618398637138E-05,0.0001597104,0.0030877342,53.7391,79.5862,3.6983,14,0.00087841,4,0,7.9855E-05
1325,27,8,250,109.821,0.0031596071,0.0004223237,3,0.0002502659,0.0002502659,0.0035819308,32.8421,55.0568,4.952,22,0.0016737,5,0.0001720578,0.00015642
4668,16,28,1000,214.6182,0.0181448397,0.0007018663,9,9.57090445047057E-05,5.58302759610783E-05,0.0045621311,35.5727,39.6713,4.9808,25,0.00070187,8,0.0002871271,0.00039081